subject_id,subject_alias,session,condition,sequence,run,online_acc,offline_run_acc,offline_sess_acc,Spectral_Saliency,Spatial_Saliency
35,S1,s1,B,Seq_BA,1,0.5250,0.6094,0.5672,28.6400,38.3900
35,S1,s1,B,Seq_BA,2,0.5250,0.6141,0.5672,39.0300,30.0600
35,S1,s1,B,Seq_BA,3,0.6000,0.6141,0.5672,32.3600,42.1400
35,S1,s1,B,Seq_BA,4,0.6500,0.6594,0.5672,37.1100,43.1900
35,S1,s1,B,Seq_BA,5,0.6000,0.5969,0.5672,21.5300,39.6600
35,S1,s1,B,Seq_BA,6,0.6000,0.5484,0.5672,23.8000,41.6300
35,S1,s1,B,Seq_BA,7,0.5750,0.6031,0.5672,18.8700,18.1100
35,S1,s2,A,Seq_BA,1,0.5500,0.6094,0.5806,15.2800,37.1300
35,S1,s2,A,Seq_BA,2,0.5000,0.5906,0.5806,30.5400,48.1700
35,S1,s2,A,Seq_BA,3,0.5250,0.6828,0.5806,4.2300,62.5300
35,S1,s2,A,Seq_BA,4,0.5500,0.6594,0.5806,40.7000,26.5500
35,S1,s2,A,Seq_BA,5,0.5750,0.5609,0.5806,18.8800,29.2100
35,S1,s2,A,Seq_BA,6,0.5250,0.5891,0.5806,22.7100,43.5700
35,S1,s2,A,Seq_BA,7,0.5000,0.6422,0.5806,59.6100,33.8000
37,S2,s1,A,Seq_AB,1,0.4500,0.6875,0.7719,25.9700,29.9000
37,S2,s1,A,Seq_AB,2,0.5000,0.5672,0.7719,15.7600,44.4000
37,S2,s1,A,Seq_AB,3,0.6000,0.8578,0.7719,37.8300,29.5000
37,S2,s1,A,Seq_AB,4,0.6000,0.7859,0.7719,55.3500,16.7400
37,S2,s1,A,Seq_AB,5,0.6250,0.7219,0.7719,29.4200,37.6100
37,S2,s1,A,Seq_AB,6,0.9500,1.0000,0.7719,78.4900,53.5300
37,S2,s1,A,Seq_AB,7,0.8974,1.0000,0.7719,79.9000,23.6700
37,S2,s2,B,Seq_AB,1,,,0.9740,,
37,S2,s2,B,Seq_AB,2,0.5500,0.8703,0.9740,37.9000,51.8600
37,S2,s2,B,Seq_AB,3,0.9000,0.9906,0.9740,68.5300,39.8100
37,S2,s2,B,Seq_AB,4,0.9750,0.9969,0.9740,75.4100,43.7000
37,S2,s2,B,Seq_AB,5,0.9250,1.0000,0.9740,70.4400,35.9500
37,S2,s2,B,Seq_AB,6,0.9500,1.0000,0.9740,76.4300,44.1400
37,S2,s2,B,Seq_AB,7,0.9750,1.0000,0.9740,80.4500,29.0800
38,S3,s1,B,Seq_BA,1,0.4750,0.5703,0.5982,23.9400,34.1600
38,S3,s1,B,Seq_BA,2,0.5000,0.7016,0.5982,39.7600,50.5500
38,S3,s1,B,Seq_BA,3,0.5000,0.5734,0.5982,50.6200,37.7200
38,S3,s1,B,Seq_BA,4,0.5250,0.6453,0.5982,52.7500,40.1600
38,S3,s1,B,Seq_BA,5,0.5000,0.6266,0.5982,21.8500,34.7400
38,S3,s1,B,Seq_BA,6,0.5750,0.7406,0.5982,34.8400,50.6100
38,S3,s1,B,Seq_BA,7,0.5250,0.7047,0.5982,27.4400,47.0200
38,S3,s2,A,Seq_BA,1,0.6000,0.5469,0.5946,32.4800,19.2400
38,S3,s2,A,Seq_BA,2,0.5000,0.6000,0.5946,39.7100,33.9900
38,S3,s2,A,Seq_BA,3,0.5641,0.6938,0.5946,52.4500,57.7300
38,S3,s2,A,Seq_BA,4,0.4250,0.7391,0.5946,30.2700,40.5900
38,S3,s2,A,Seq_BA,5,0.5250,0.7406,0.5946,53.2900,33.0700
38,S3,s2,A,Seq_BA,6,0.6000,0.5969,0.5946,79.1400,57.8700
38,S3,s2,A,Seq_BA,7,0.5750,0.5938,0.5946,24.2100,32.4700
40,S4,s1,B,Seq_BA,1,0.5750,0.5641,0.5741,28.1300,38.9100
40,S4,s1,B,Seq_BA,2,0.5250,0.6547,0.5741,31.7100,48.6500
40,S4,s1,B,Seq_BA,3,0.5000,0.5891,0.5741,23.7200,36.2800
40,S4,s1,B,Seq_BA,4,0.5250,0.5938,0.5741,37.6600,36.1300
40,S4,s1,B,Seq_BA,5,0.6000,0.6406,0.5741,16.4000,29.3300
40,S4,s1,B,Seq_BA,6,0.5000,0.5281,0.5741,19.6500,32.1400
40,S4,s1,B,Seq_BA,7,0.5250,0.6391,0.5741,17.6900,32.6800
40,S4,s2,A,Seq_BA,1,0.5500,0.5859,0.5685,21.0600,32.1600
40,S4,s2,A,Seq_BA,2,0.5500,0.6516,0.5685,30.4900,29.6400
40,S4,s2,A,Seq_BA,3,0.4750,0.6406,0.5685,35.6000,30.8500
40,S4,s2,A,Seq_BA,4,0.5500,0.6172,0.5685,10.7000,46.6300
40,S4,s2,A,Seq_BA,5,0.5000,0.6578,0.5685,22.7300,27.8700
40,S4,s2,A,Seq_BA,6,0.5250,0.6406,0.5685,30.2700,46.8800
40,S4,s2,A,Seq_BA,7,0.5897,0.6250,0.5685,45.9600,32.2000
41,S5,s1,B,Seq_BA,1,0.4500,0.6422,0.7076,18.1200,31.0100
41,S5,s1,B,Seq_BA,2,0.5750,0.7500,0.7076,45.0100,41.1500
41,S5,s1,B,Seq_BA,3,0.6000,0.7047,0.7076,24.6900,32.2400
41,S5,s1,B,Seq_BA,4,0.8000,0.7672,0.7076,84.0400,45.0700
41,S5,s1,B,Seq_BA,5,0.6750,0.7500,0.7076,73.9900,51.0200
41,S5,s1,B,Seq_BA,6,0.7000,0.7859,0.7076,73.6700,50.8500
41,S5,s1,B,Seq_BA,7,0.6250,0.7750,0.7076,25.5700,32.7700
41,S5,s2,A,Seq_BA,1,0.6000,0.5875,0.6859,26.3900,24.3400
41,S5,s2,A,Seq_BA,2,0.7250,0.6000,0.6859,21.2500,29.4000
41,S5,s2,A,Seq_BA,3,0.7250,0.6922,0.6859,77.8300,70.3000
41,S5,s2,A,Seq_BA,4,0.6500,0.6828,0.6859,82.1500,67.2800
41,S5,s2,A,Seq_BA,5,0.7750,0.6672,0.6859,30.4200,57.0000
41,S5,s2,A,Seq_BA,6,0.5750,0.6156,0.6859,17.2900,35.0200
41,S5,s2,A,Seq_BA,7,0.6250,0.6844,0.6859,59.4400,53.5400
42,S6,s1,A,Seq_AB,1,0.6000,0.5859,0.5701,9.4500,33.2100
42,S6,s1,A,Seq_AB,2,0.5500,0.5641,0.5701,12.9700,40.1400
42,S6,s1,A,Seq_AB,3,0.5000,0.6062,0.5701,24.9600,34.9900
42,S6,s1,A,Seq_AB,4,0.4250,0.6094,0.5701,9.9400,40.5800
42,S6,s1,A,Seq_AB,5,0.5000,0.6047,0.5701,33.8000,38.8500
42,S6,s1,A,Seq_AB,6,0.5500,0.5891,0.5701,48.0300,29.3500
42,S6,s1,A,Seq_AB,7,0.5250,0.6359,0.5701,10.7900,36.9900
42,S6,s2,B,Seq_AB,1,0.5750,0.6453,0.5692,30.4000,51.9500
42,S6,s2,B,Seq_AB,2,0.5500,0.6281,0.5692,25.9600,22.6700
42,S6,s2,B,Seq_AB,3,0.5000,0.6000,0.5692,41.2400,31.5400
42,S6,s2,B,Seq_AB,4,0.5250,0.6187,0.5692,28.7700,37.3500
42,S6,s2,B,Seq_AB,5,0.6250,0.5875,0.5692,29.4100,22.7400
42,S6,s2,B,Seq_AB,6,0.5000,0.6672,0.5692,26.4200,32.9700
42,S6,s2,B,Seq_AB,7,0.5000,0.5500,0.5692,41.9500,38.9700
43,S7,s1,A,Seq_AB,1,0.5000,0.5656,0.6699,18.7400,22.4300
43,S7,s1,A,Seq_AB,2,0.5000,0.6547,0.6699,15.0100,36.4500
43,S7,s1,A,Seq_AB,3,0.5250,0.6406,0.6699,65.7500,78.2700
43,S7,s1,A,Seq_AB,4,0.4250,0.6406,0.6699,13.5900,25.7100
43,S7,s1,A,Seq_AB,5,0.5250,0.6719,0.6699,16.8000,47.4600
43,S7,s1,A,Seq_AB,6,0.6250,0.8297,0.6699,63.9700,39.0100
43,S7,s1,A,Seq_AB,7,0.4750,0.7844,0.6699,82.1800,40.4400
43,S7,s2,B,Seq_AB,1,0.4500,0.6313,0.6696,47.4800,51.3800
43,S7,s2,B,Seq_AB,2,0.6750,0.6953,0.6696,65.8200,54.2900
43,S7,s2,B,Seq_AB,3,0.5250,0.6016,0.6696,46.7400,39.2700
43,S7,s2,B,Seq_AB,4,0.5500,0.7031,0.6696,46.3400,45.7700
43,S7,s2,B,Seq_AB,5,0.6750,0.6094,0.6696,45.9200,35.2500
43,S7,s2,B,Seq_AB,6,0.6500,0.7547,0.6696,62.6800,51.2900
43,S7,s2,B,Seq_AB,7,0.6250,0.6922,0.6696,72.7700,37.4900
44,S8,s1,B,Seq_BA,1,0.6750,0.8641,0.8426,73.0500,62.5900
44,S8,s1,B,Seq_BA,2,0.7250,0.8969,0.8426,83.3900,58.2300
44,S8,s1,B,Seq_BA,3,0.8000,0.8047,0.8426,79.5900,43.2000
44,S8,s1,B,Seq_BA,4,0.9750,0.8234,0.8426,78.2500,55.1300
44,S8,s1,B,Seq_BA,5,0.9750,0.8703,0.8426,74.7700,60.8000
44,S8,s1,B,Seq_BA,6,0.9000,0.8266,0.8426,77.8600,57.3600
44,S8,s1,B,Seq_BA,7,0.8750,0.8578,0.8426,83.0200,57.5800
44,S8,s2,A,Seq_BA,1,,,0.8719,,
44,S8,s2,A,Seq_BA,2,0.4750,0.8359,0.8719,79.5800,52.5600
44,S8,s2,A,Seq_BA,3,0.8250,0.8625,0.8719,78.2200,56.6800
44,S8,s2,A,Seq_BA,4,0.9250,0.8969,0.8719,82.1000,72.2400
44,S8,s2,A,Seq_BA,5,0.8750,0.8734,0.8719,74.3800,62.8400
44,S8,s2,A,Seq_BA,6,0.8250,0.9406,0.8719,79.0400,78.9900
44,S8,s2,A,Seq_BA,7,0.8750,0.8906,0.8719,83.2300,69.1000
45,S9,s1,B,Seq_BA,1,0.4250,0.6062,0.6150,43.2400,34.2100
45,S9,s1,B,Seq_BA,2,0.4250,0.6938,0.6150,51.2200,56.7700
45,S9,s1,B,Seq_BA,3,0.5750,0.7703,0.6150,50.7100,45.6800
45,S9,s1,B,Seq_BA,4,0.5250,0.6453,0.6150,18.6500,27.4200
45,S9,s1,B,Seq_BA,5,0.5000,0.6984,0.6150,69.6200,44.1700
45,S9,s1,B,Seq_BA,6,0.6250,0.6375,0.6150,13.8700,44.9200
45,S9,s1,B,Seq_BA,7,0.4500,0.7469,0.6150,62.7200,55.2100
45,S9,s2,A,Seq_BA,1,,,0.8529,,
45,S9,s2,A,Seq_BA,2,0.6000,0.6609,0.8529,31.1600,33.5800
45,S9,s2,A,Seq_BA,3,0.8000,0.8984,0.8529,66.8600,49.5500
45,S9,s2,A,Seq_BA,4,0.8500,0.9859,0.8529,75.1700,51.5900
45,S9,s2,A,Seq_BA,5,0.7500,0.9406,0.8529,74.4800,35.1500
45,S9,s2,A,Seq_BA,6,0.9250,0.9797,0.8529,59.4800,41.2600
45,S9,s2,A,Seq_BA,7,0.9000,0.9859,0.8529,40.4800,34.9200
47,S10,s1,B,Seq_BA,1,0.6750,0.6234,0.6594,23.3400,41.5900
47,S10,s1,B,Seq_BA,2,0.6500,0.6484,0.6594,31.1200,45.0500
47,S10,s1,B,Seq_BA,3,0.6000,0.6797,0.6594,50.7500,45.9100
47,S10,s1,B,Seq_BA,4,0.6250,0.6484,0.6594,45.0500,47.9300
47,S10,s1,B,Seq_BA,5,0.5000,0.6312,0.6594,43.7000,50.1300
47,S10,s1,B,Seq_BA,6,0.4750,0.5828,0.6594,66.8900,47.3600
47,S10,s1,B,Seq_BA,7,0.5750,0.6375,0.6594,67.8800,31.0900
47,S10,s2,A,Seq_BA,1,0.6750,0.6484,0.5844,13.5900,32.9900
47,S10,s2,A,Seq_BA,2,0.5250,0.5734,0.5844,36.9500,44.5200
47,S10,s2,A,Seq_BA,3,0.5000,0.5609,0.5844,53.8000,19.3600
47,S10,s2,A,Seq_BA,4,0.5750,0.6641,0.5844,65.5100,22.8800
47,S10,s2,A,Seq_BA,5,0.5500,0.6266,0.5844,35.4900,23.1200
47,S10,s2,A,Seq_BA,6,0.5500,0.6859,0.5844,52.8800,40.2700
47,S10,s2,A,Seq_BA,7,0.5250,0.6641,0.5844,15.9200,42.4000
48,S11,s1,B,Seq_BA,1,0.5250,0.7812,0.6464,46.0700,25.2000
48,S11,s1,B,Seq_BA,2,0.4750,0.7922,0.6464,19.5500,32.2600
48,S11,s1,B,Seq_BA,3,0.4500,0.7531,0.6464,13.4600,35.0200
48,S11,s1,B,Seq_BA,4,0.4500,0.7266,0.6464,43.1200,32.8200
48,S11,s1,B,Seq_BA,5,0.4750,0.6562,0.6464,56.7000,53.5900
48,S11,s1,B,Seq_BA,6,0.4750,0.6328,0.6464,33.1000,45.1000
48,S11,s1,B,Seq_BA,7,0.5750,0.6250,0.6464,14.3900,35.5500
48,S11,s2,A,Seq_BA,1,0.5500,0.5609,0.5478,22.5900,33.7900
48,S11,s2,A,Seq_BA,2,0.5250,0.5984,0.5478,17.2800,33.7900
48,S11,s2,A,Seq_BA,3,0.5000,0.6094,0.5478,26.2000,38.4300
48,S11,s2,A,Seq_BA,4,0.6500,0.6625,0.5478,42.1400,47.8000
48,S11,s2,A,Seq_BA,5,0.5250,0.6422,0.5478,31.6600,32.5300
48,S11,s2,A,Seq_BA,6,0.5000,0.5734,0.5478,33.1400,55.4700
48,S11,s2,A,Seq_BA,7,0.4500,0.6703,0.5478,33.9600,46.7400
50,S12,s1,A,Seq_AB,1,0.5000,0.7031,0.7757,19.5500,40.5100
50,S12,s1,A,Seq_AB,2,0.6500,0.6594,0.7757,9.2800,33.0200
50,S12,s1,A,Seq_AB,3,0.5000,0.7422,0.7757,28.5400,16.1600
50,S12,s1,A,Seq_AB,4,0.6250,0.8094,0.7757,46.4600,43.1800
50,S12,s1,A,Seq_AB,5,0.7750,0.9672,0.7757,79.0700,25.5500
50,S12,s1,A,Seq_AB,6,0.6500,0.9469,0.7757,76.1300,25.9600
50,S12,s1,A,Seq_AB,7,0.5750,0.8672,0.7757,74.6500,38.1800
50,S12,s2,B,Seq_AB,1,0.7000,0.7469,0.7645,70.1000,29.9200
50,S12,s2,B,Seq_AB,2,0.7000,0.9109,0.7645,71.2100,38.1200
50,S12,s2,B,Seq_AB,3,0.5250,0.6969,0.7645,15.9800,31.6300
50,S12,s2,B,Seq_AB,4,0.5500,0.8297,0.7645,48.2400,41.5100
50,S12,s2,B,Seq_AB,5,0.6000,0.8172,0.7645,75.5800,30.1100
50,S12,s2,B,Seq_AB,6,0.7500,0.9562,0.7645,75.9200,41.7200
50,S12,s2,B,Seq_AB,7,0.8250,0.9578,0.7645,79.5300,17.8300
51,S13,s1,B,Seq_BA,1,0.4250,0.6016,0.6908,16.1800,36.7000
51,S13,s1,B,Seq_BA,2,0.3500,0.6906,0.6908,14.0200,73.8400
51,S13,s1,B,Seq_BA,3,0.5000,0.7375,0.6908,22.2000,44.7500
51,S13,s1,B,Seq_BA,4,0.5500,0.6188,0.6908,17.2800,36.9800
51,S13,s1,B,Seq_BA,5,0.4500,0.7031,0.6908,64.8800,39.2800
51,S13,s1,B,Seq_BA,6,0.5750,0.8047,0.6908,41.4700,35.0500
51,S13,s1,B,Seq_BA,7,0.5000,0.6766,0.6908,22.0100,30.3300
51,S13,s2,A,Seq_BA,1,0.7750,,0.6310,,
51,S13,s2,A,Seq_BA,2,0.4750,0.6687,0.6310,51.0900,47.1600
51,S13,s2,A,Seq_BA,3,0.5750,0.7250,0.6310,66.5600,59.9600
51,S13,s2,A,Seq_BA,4,0.6250,0.6141,0.6310,40.8600,59.7600
51,S13,s2,A,Seq_BA,5,0.5500,0.6234,0.6310,25.4600,37.7400
51,S13,s2,A,Seq_BA,6,,0.7109,0.6310,29.5000,22.6800
51,S13,s2,A,Seq_BA,7,,0.6547,0.6310,34.8300,58.1900
52,S14,s1,B,Seq_BA,1,0.5000,0.6859,0.5554,14.2000,31.1000
52,S14,s1,B,Seq_BA,2,0.4750,0.6469,0.5554,45.5900,37.0900
52,S14,s1,B,Seq_BA,3,0.4250,0.5938,0.5554,53.1400,15.8700
52,S14,s1,B,Seq_BA,4,0.5000,0.6328,0.5554,41.5700,61.1400
52,S14,s1,B,Seq_BA,5,0.5000,0.5594,0.5554,33.8100,32.6800
52,S14,s1,B,Seq_BA,6,0.4500,0.6609,0.5554,30.9300,28.4400
52,S14,s1,B,Seq_BA,7,0.4750,0.5422,0.5554,32.8000,32.6600
52,S14,s2,A,Seq_BA,1,0.5750,0.5656,0.5732,47.1000,
52,S14,s2,A,Seq_BA,2,0.6000,0.5797,0.5732,22.9000,57.3900
52,S14,s2,A,Seq_BA,3,0.4750,0.6297,0.5732,30.9600,40.3200
52,S14,s2,A,Seq_BA,4,0.5750,0.6219,0.5732,27.9900,34.7700
52,S14,s2,A,Seq_BA,5,0.6250,0.6859,0.5732,43.0700,34.6800
52,S14,s2,A,Seq_BA,6,0.6000,0.5953,0.5732,47.7400,47.7300
52,S14,s2,A,Seq_BA,7,0.4500,0.5703,0.5732,40.6300,49.4400
54,S15,s1,B,Seq_BA,1,0.5500,0.5953,0.6422,20.7900,46.3200
54,S15,s1,B,Seq_BA,2,0.5250,0.7094,0.6422,13.2000,27.4600
54,S15,s1,B,Seq_BA,3,0.5250,0.5906,0.6422,22.7000,29.6700
54,S15,s1,B,Seq_BA,4,0.5500,0.6984,0.6422,22.7900,31.0300
54,S15,s1,B,Seq_BA,5,0.6250,0.7500,0.6422,7.8000,40.3500
54,S15,s1,B,Seq_BA,6,0.5500,0.7297,0.6422,35.8300,47.2200
54,S15,s1,B,Seq_BA,7,0.5250,0.6953,0.6422,12.5700,38.7300
54,S15,s2,A,Seq_BA,1,,,0.7302,,
54,S15,s2,A,Seq_BA,2,0.4750,0.7016,0.7302,22.8500,38.9900
54,S15,s2,A,Seq_BA,3,0.7500,0.7266,0.7302,68.3700,44.0800
54,S15,s2,A,Seq_BA,4,0.6500,0.8031,0.7302,52.0100,50.0900
54,S15,s2,A,Seq_BA,5,0.5000,0.7203,0.7302,63.0200,26.8500
54,S15,s2,A,Seq_BA,6,0.7000,0.7937,0.7302,71.8500,43.6200
54,S15,s2,A,Seq_BA,7,0.5750,0.8141,0.7302,78.3900,33.0500
55,S16,s1,A,Seq_AB,1,0.5750,0.5781,0.6087,3.5200,37.2800
55,S16,s1,A,Seq_AB,2,0.5000,0.5969,0.6087,7.5000,36.3400
55,S16,s1,A,Seq_AB,3,0.5500,0.5781,0.6087,5.0500,26.7900
55,S16,s1,A,Seq_AB,4,0.5500,0.6500,0.6087,12.0100,57.0400
55,S16,s1,A,Seq_AB,5,0.6500,0.6141,0.6087,14.4300,36.7300
55,S16,s1,A,Seq_AB,6,0.5500,0.6344,0.6087,65.1900,46.1000
55,S16,s1,A,Seq_AB,7,0.5500,0.6687,0.6087,21.6900,42.6200
55,S16,s2,B,Seq_AB,1,0.4500,0.5922,0.5694,23.2900,40.4000
55,S16,s2,B,Seq_AB,2,0.4500,0.6156,0.5694,14.1500,34.6600
55,S16,s2,B,Seq_AB,3,0.4750,0.5891,0.5694,24.8700,32.9600
55,S16,s2,B,Seq_AB,4,0.4750,0.5594,0.5694,16.6200,21.6000
55,S16,s2,B,Seq_AB,5,0.5500,0.6344,0.5694,35.6000,49.3100
55,S16,s2,B,Seq_AB,6,0.4750,0.6000,0.5694,4.7200,40.0700
55,S16,s2,B,Seq_AB,7,0.5000,0.6312,0.5694,15.6500,30.4300
57,S17,s1,B,Seq_BA,1,0.5250,0.6078,0.6690,11.8900,37.9000
57,S17,s1,B,Seq_BA,2,0.6500,0.7188,0.6690,15.0900,35.1600
57,S17,s1,B,Seq_BA,3,0.5500,0.6297,0.6690,13.3300,34.2400
57,S17,s1,B,Seq_BA,4,0.5000,0.6422,0.6690,25.8800,28.2200
57,S17,s1,B,Seq_BA,5,0.6250,0.7047,0.6690,26.1200,42.0800
57,S17,s1,B,Seq_BA,6,0.5500,0.7562,0.6690,18.7200,23.2400
57,S17,s1,B,Seq_BA,7,0.5250,0.7188,0.6690,13.9200,32.2300
57,S17,s2,A,Seq_BA,1,0.6250,0.7172,0.6179,26.7400,52.1200
57,S17,s2,A,Seq_BA,2,0.5000,0.6453,0.6179,58.7800,38.3500
57,S17,s2,A,Seq_BA,3,0.5250,0.6922,0.6179,35.2700,38.4500
57,S17,s2,A,Seq_BA,4,0.5000,0.6844,0.6179,36.7900,53.7400
57,S17,s2,A,Seq_BA,5,0.5250,0.6172,0.6179,25.4700,40.2500
57,S17,s2,A,Seq_BA,6,0.5250,0.6266,0.6179,30.5900,30.0000
57,S17,s2,A,Seq_BA,7,0.5250,0.6828,0.6179,21.2400,40.2400
58,S18,s1,A,Seq_AB,1,0.6500,0.6812,0.7058,30.6500,28.4000
58,S18,s1,A,Seq_AB,2,0.4750,0.6687,0.7058,34.8000,41.7500
58,S18,s1,A,Seq_AB,3,0.5750,0.6391,0.7058,23.4500,29.4700
58,S18,s1,A,Seq_AB,4,0.5897,0.7359,0.7058,43.6300,57.1900
58,S18,s1,A,Seq_AB,5,0.7250,0.8422,0.7058,45.4500,63.0800
58,S18,s1,A,Seq_AB,6,0.5000,0.7062,0.7058,41.5200,38.3900
58,S18,s1,A,Seq_AB,7,0.6000,0.7609,0.7058,37.3500,38.3400
58,S18,s2,B,Seq_AB,1,0.6000,0.7969,0.8411,63.4700,53.4500
58,S18,s2,B,Seq_AB,2,0.6500,0.8359,0.8411,45.1300,43.1700
58,S18,s2,B,Seq_AB,3,0.5250,0.7828,0.8411,51.8700,49.5500
58,S18,s2,B,Seq_AB,4,0.7250,0.8266,0.8411,73.5100,34.6200
58,S18,s2,B,Seq_AB,5,0.8250,0.9078,0.8411,42.7800,49.9800
58,S18,s2,B,Seq_AB,6,0.6750,0.9141,0.8411,50.7700,53.4600
58,S18,s2,B,Seq_AB,7,0.8000,0.9641,0.8411,73.2900,48.0600
63,S19,s1,A,Seq_AB,1,0.6250,0.6172,0.5864,26.3700,23.9900
63,S19,s1,A,Seq_AB,2,0.7000,0.6984,0.5864,74.1600,45.2600
63,S19,s1,A,Seq_AB,3,0.5500,0.6141,0.5864,50.2500,35.1600
63,S19,s1,A,Seq_AB,4,0.5250,0.7172,0.5864,70.1000,44.6100
63,S19,s1,A,Seq_AB,5,0.5000,0.6281,0.5864,21.9200,63.2500
63,S19,s1,A,Seq_AB,6,0.6500,0.6422,0.5864,43.9300,36.6800
63,S19,s1,A,Seq_AB,7,0.6750,0.6781,0.5864,33.0300,59.5000
63,S19,s2,B,Seq_AB,1,,,0.7742,,
63,S19,s2,B,Seq_AB,2,0.5000,0.6344,0.7742,15.8300,41.3900
63,S19,s2,B,Seq_AB,3,0.7750,0.7297,0.7742,62.1600,46.9200
63,S19,s2,B,Seq_AB,4,0.7250,0.7672,0.7742,71.4800,68.8800
63,S19,s2,B,Seq_AB,5,0.6250,0.9141,0.7742,80.0100,71.7300
63,S19,s2,B,Seq_AB,6,0.7000,0.8891,0.7742,84.5600,71.4200
63,S19,s2,B,Seq_AB,7,0.7000,0.7906,0.7742,72.2700,66.4900
64,S20,s1,A,Seq_AB,1,0.5500,0.5984,0.7652,12.6800,33.3100
64,S20,s1,A,Seq_AB,2,0.5500,0.7656,0.7652,40.2900,34.8500
64,S20,s1,A,Seq_AB,3,0.5000,0.7656,0.7652,46.2100,58.8700
64,S20,s1,A,Seq_AB,4,0.4500,0.7641,0.7652,72.4700,67.2800
64,S20,s1,A,Seq_AB,5,0.5750,0.7672,0.7652,49.9300,75.5100
64,S20,s1,A,Seq_AB,6,0.6154,0.7344,0.7652,77.7800,52.7700
64,S20,s1,A,Seq_AB,7,0.6750,0.8047,0.7652,66.0100,58.8600
64,S20,s2,B,Seq_AB,1,0.5000,0.7906,0.7627,65.1400,69.6600
64,S20,s2,B,Seq_AB,2,0.6750,0.7547,0.7627,59.3900,49.5200
64,S20,s2,B,Seq_AB,3,0.7250,0.7734,0.7627,63.4700,54.1800
64,S20,s2,B,Seq_AB,4,0.5750,0.6984,0.7627,21.6300,32.2300
64,S20,s2,B,Seq_AB,5,0.7500,0.7609,0.7627,61.5900,68.9200
64,S20,s2,B,Seq_AB,6,0.4500,0.7109,0.7627,48.4000,60.1200
64,S20,s2,B,Seq_AB,7,0.6000,0.6562,0.7627,31.3600,33.0700
65,S21,s1,A,Seq_AB,1,0.5000,0.6234,0.6179,26.2300,46.3100
65,S21,s1,A,Seq_AB,2,0.6250,0.6547,0.6179,24.7000,33.2000
65,S21,s1,A,Seq_AB,3,0.5750,0.6031,0.6179,17.4500,40.6300
65,S21,s1,A,Seq_AB,4,0.5000,0.6734,0.6179,24.8300,40.9600
65,S21,s1,A,Seq_AB,5,0.5000,0.6266,0.6179,29.0300,40.7200
65,S21,s1,A,Seq_AB,6,0.4750,0.6266,0.6179,53.0800,67.8700
65,S21,s1,A,Seq_AB,7,0.4750,0.6656,0.6179,14.6300,38.5400
65,S21,s2,B,Seq_AB,1,0.5750,0.7094,0.6629,56.4600,43.2000
65,S21,s2,B,Seq_AB,2,0.5250,0.6984,0.6629,57.3200,46.7200
65,S21,s2,B,Seq_AB,3,0.4750,0.6672,0.6629,32.1000,39.1600
65,S21,s2,B,Seq_AB,4,0.5250,0.6484,0.6629,55.6400,53.3200
65,S21,s2,B,Seq_AB,5,0.5250,0.6156,0.6629,62.4100,53.6100
65,S21,s2,B,Seq_AB,6,0.4000,0.6750,0.6629,49.6400,47.5900
65,S21,s2,B,Seq_AB,7,0.4750,0.5813,0.6629,45.2600,38.1200
68,S22,s1,A,Seq_AB,1,0.5500,0.5500,0.6051,20.5200,34.5900
68,S22,s1,A,Seq_AB,2,0.4750,0.5969,0.6051,26.8700,27.6900
68,S22,s1,A,Seq_AB,3,0.6000,0.6141,0.6051,52.7600,41.4700
68,S22,s1,A,Seq_AB,4,0.6750,0.6469,0.6051,56.3000,46.6300
68,S22,s1,A,Seq_AB,5,0.4500,0.5016,0.6051,27.3100,37.0400
68,S22,s1,A,Seq_AB,6,0.5250,0.7031,0.6051,50.1800,46.2300
68,S22,s1,A,Seq_AB,7,0.5500,0.7141,0.6051,24.1200,35.3900
68,S22,s2,B,Seq_AB,1,0.5250,0.5828,0.5868,36.3000,59.8100
68,S22,s2,B,Seq_AB,2,0.5750,0.6937,0.5868,43.7700,42.0800
68,S22,s2,B,Seq_AB,3,0.6000,0.6219,0.5868,13.9900,37.9400
68,S22,s2,B,Seq_AB,4,0.5750,0.6141,0.5868,38.0300,50.5900
68,S22,s2,B,Seq_AB,5,0.5750,0.6312,0.5868,57.8000,60.5700
68,S22,s2,B,Seq_AB,6,0.4500,0.5953,0.5868,18.1000,36.4800
68,S22,s2,B,Seq_AB,7,0.5500,0.5891,0.5868,37.9600,30.4000
69,S23,s1,A,Seq_AB,1,0.5750,0.7437,0.7900,78.6900,66.3700
69,S23,s1,A,Seq_AB,2,0.5000,0.7391,0.7900,64.5200,72.1600
69,S23,s1,A,Seq_AB,3,0.7750,0.8125,0.7900,62.0200,66.4700
69,S23,s1,A,Seq_AB,4,0.9500,0.9391,0.7900,72.7900,67.0800
69,S23,s1,A,Seq_AB,5,0.9500,0.9656,0.7900,60.5500,87.3800
69,S23,s1,A,Seq_AB,6,0.9000,0.9047,0.7900,48.3200,54.8400
69,S23,s1,A,Seq_AB,7,1.0000,0.9828,0.7900,35.9300,61.5800
69,S23,s2,B,Seq_AB,1,,,0.9206,,
69,S23,s2,B,Seq_AB,2,0.6750,0.7484,0.9206,28.6100,57.0600
69,S23,s2,B,Seq_AB,3,0.8500,0.8984,0.9206,40.4700,72.4300
69,S23,s2,B,Seq_AB,4,0.9500,0.9672,0.9206,50.5200,87.9400
69,S23,s2,B,Seq_AB,5,0.9250,0.9734,0.9206,29.9100,56.8000
69,S23,s2,B,Seq_AB,6,0.9500,0.9797,0.9206,17.9100,74.1300
69,S23,s2,B,Seq_AB,7,0.9500,0.9547,0.9206,42.6600,70.8100
70,S24,s1,A,Seq_AB,1,0.4750,0.7094,0.7123,51.2300,55.7800
70,S24,s1,A,Seq_AB,2,0.5500,0.6516,0.7123,37.4500,40.7400
70,S24,s1,A,Seq_AB,3,0.5750,0.6516,0.7123,22.6400,38.0400
70,S24,s1,A,Seq_AB,4,0.7250,0.6281,0.7123,50.1300,58.7600
70,S24,s1,A,Seq_AB,5,0.6250,0.6453,0.7123,37.3700,46.7400
70,S24,s1,A,Seq_AB,6,0.5000,0.6000,0.7123,30.4200,31.5800
70,S24,s1,A,Seq_AB,7,0.6250,0.6500,0.7123,57.0000,42.3900
70,S24,s2,B,Seq_AB,1,0.4750,0.7219,0.8328,48.6300,57.6500
70,S24,s2,B,Seq_AB,2,0.5500,0.7500,0.8328,74.5600,83.1300
70,S24,s2,B,Seq_AB,3,0.7750,0.8219,0.8328,81.0500,65.5100
70,S24,s2,B,Seq_AB,4,0.7500,0.8406,0.8328,82.8200,65.6000
70,S24,s2,B,Seq_AB,5,0.6750,0.8063,0.8328,83.7500,74.1600
70,S24,s2,B,Seq_AB,6,0.6750,0.8609,0.8328,77.7600,74.5500
70,S24,s2,B,Seq_AB,7,0.8250,0.7563,0.8328,79.0000,85.0200
